{
    "Bedload": {
        "Geometric_Standard_Deviation": 1.4136373620647387, 
        "Standard_Deviation": 0.49941207555762934, 
        "D_30": 11.894782236691192, 
        "D_50": 15.495330177222145, 
        "D_90": 27.661547759243085, 
        "Geometric_mean": 15.733415362194647, 
        "D_70": 20.669476321564296
    }, 
    "Surface": {
        "Geometric_Standard_Deviation": 1.4142135623730951, 
        "Standard_Deviation": 0.5, 
        "D_30": 12.125732532083186, 
        "D_50": 16.0, 
        "D_90": 27.857618025475968, 
        "Geometric_mean": 16.0, 
        "D_70": 21.112126572366314
    }
}