{
    "Bedload": {
        "Geometric_Standard_Deviation": 1.4136373620647387, 
        "Standard_Deviation": 0.49941207555762934, 
        "D_30": 11.894782236691192, 
        "D_50": 15.495330177222145, 
        "D_90": 27.661547759243085, 
        "Geometric_mean": 15.733415362194647, 
        "D_70": 20.669476321564296
    }, 
    "Averages": {
        "ustar": 0.20904528549189427, 
        "H": 0.99594590233287528, 
        "Q": 34.0, 
        "percent_finer": [
            {
                "8.0": 0.0, 
                "16.0": 52.424002448886377, 
                "32.0": 100.0
            }
        ], 
        "q_bedload": 0.002408775290475485, 
        "Shields": 0.17161731998420054
    }, 
    "Surface": {
        "Geometric_Standard_Deviation": 1.4142135623730951, 
        "Standard_Deviation": 0.5, 
        "D_30": 12.125732532083186, 
        "D_50": 16.0, 
        "D_90": 27.857618025475968, 
        "Geometric_mean": 16.0, 
        "D_70": 21.112126572366314
    }
}