GrainSize, PercentFiner_Surface, PercentFiner_Bedload
   8.00000,   0.00000,   0.00000
  16.00000,  50.00000,  52.42400
  32.00000, 100.00000, 100.00000
