{
    "Depth": 3.0136890806223846, 
    "Flow_velocity": 1.8913696295514468, 
    "Froude_number": 0.3478505426185218, 
    "Shear_stress": 7.391072470226399
}