{
    "Froude_number": 0.02336470564789742, 
    "Water_depth_normal": 6.749086127008871
}