{
    "Concentration_no_stratification_final": 0.034672134458796133, 
    "Concentration_no_stratification_init": 0.11793318726118907, 
    "Sediment_discharge": 0.70664298761756583, 
    "Velocity_no_stratification_init": 21.319630772109416, 
    "Velocity_no_stratification_final": 26.493623934360137
}