{
    "Reynolds_number": 4.023244958985222, 
    "Dimensionless_fall_velocity": 0.18603632526569483, 
    "Settling_velocity": 0.007484697078133418
}