{
    "Reynolds_number": 359849.9687369724, 
    "Dimensionless_fall_velocity": 1.6421224536568804, 
    "Settling_velocity": 2.954588568053544
}