{
    "D_30": 0.19277635317599259, 
    "D_50": 0.28583147875448067, 
    "D_70": 0.39951691807960471, 
    "Geometric_mean": 0.2729234998323391, 
    "Sorting": "Poorly sorted", 
    "Standard_deviation": 2.1681747768957598
}